{"__type__":"cc.AnimationClip","_name":"bg2_run","_duration":0.3333333333333333,"curveData":{"props":{"position":[{"frame":0,"value":[849.9999999999999,0],"curve":[0.18,0.89,0.31,1.21]},{"frame":0.3333333333333333,"value":[0,0]}]}}}