{"__type__":"cc.AnimationClip","_name":"bg2_run","_duration":0.3333333333333333,"curveData":{"props":{"position":[{"frame":0,"value":[849.9999999999999,80],"curve":[0.4,0.4,0.6,0.6]},{"frame":0.3333333333333333,"value":[0,80]}]}}}